term,coef,pct_effect,hc1_se,cluster_se
US x post_Oct2022,-0.3564280692444881,-0.2998271663807833,0.11633623902017923,0.3077145420803783
US x post_Oct2023,-0.35448716782175727,-0.2984668802682564,0.13680081670120325,0.14077688231039248
US x post_Dec2024,-0.7859240679514274,-0.5443015891320995,0.16080798082461809,0.08833017413140831
