term,coef,pct_effect,hc1_se,cluster_se
US x post_Oct2022,-0.3564280692444918,-0.299827166380786,0.11633623902017946,0.30771454208037774
US x post_Oct2023,-0.3544871678217554,-0.2984668802682551,0.1368008167012042,0.14077688231039245
US x post_Dec2024,-0.7859240679514254,-0.5443015891320986,0.16080798082461864,0.08833017413140849
