term,coef,pct_effect,hc1_se,cluster_se
US x post_Oct2022,-0.3597814381182865,-0.3021711718133483,0.09459292643671777,0.2162280045878534
US x post_Oct2023,-0.3904250523761643,-0.3232308489820328,0.11239056545564134,0.1065241978910824
US x post_Dec2024,-0.7687952078231846,-0.5364287609939806,0.14915760141623066,0.06841442223097692
