term,coef,pct_effect,hc1_se,cluster_se
US x post_Oct2022,-0.4639427207102332,-0.37120042937159026,0.08429395310969245,0.09305235909556328
US x post_Oct2023,0.30320566425922535,0.3541929448934287,0.08029755476567411,0.11363044965075948
US x post_Dec2024,0.299659733643236,0.34939957417267276,0.0708178758396308,0.06033238911163184
