term,coef,pct_effect,hc1_se,cluster_se
US x post_Oct2022,-0.1257994730931487,-0.11820834799181434,0.09024877723846296,0.26733469524215003
US x post_Oct2023,-0.35692128707096865,-0.3001724189545808,0.10713972590808711,0.15480547627479596
US x post_Dec2024,-0.7757181854635764,-0.539626970974716,0.1594213473524978,0.08093882270186499
