term,coef,pct_effect,hc1_se,cluster_se
US x post_Oct2022,-0.12579947309313536,-0.11820834799180258,0.09024877723846272,0.2673346952421505
US x post_Oct2023,-0.35692128707096066,-0.30017241895457525,0.10713972590808762,0.15480547627479552
US x post_Dec2024,-0.7757181854635686,-0.5396269709747123,0.1594213473524984,0.08093882270186517
