term,coef,pct_effect,hc1_se,cluster_se
US x post_Oct2022,-0.4639427207102401,-0.3712004293715946,0.08429395310969238,0.09305235909556252
US x post_Oct2023,0.3032056642592257,0.3541929448934291,0.08029755476567456,0.11363044965075954
US x post_Dec2024,0.29965973364324117,0.34939957417267986,0.07081787583963026,0.06033238911163158
