term,coef,pct_effect,hc1_se,cluster_se
US x post_Oct2022,-0.35978143811827235,-0.3021711718133384,0.09459292643671666,0.21622800458785268
US x post_Oct2023,-0.390425052376164,-0.3232308489820326,0.1123905654556397,0.10652419789108311
US x post_Dec2024,-0.7687952078231848,-0.5364287609939806,0.14915760141622988,0.06841442223097684
