term,coef,pct_effect,hc1_se,cluster_se
US x post_Oct2022,-0.3564280692444928,-0.29982716638078666,0.11633623902017864,0.30771454208037874
US x post_Oct2023,-0.35448716782175993,-0.2984668802682583,0.13680081670120495,0.14077688231039212
US x post_Dec2024,-0.785924067951433,-0.5443015891321019,0.1608079808246193,0.08833017413140876
