term,coef,pct_effect,hc1_se,cluster_se
US x post_Oct2022,-0.3597814381182789,-0.30217117181334296,0.09459292643671753,0.21622800458785368
US x post_Oct2023,-0.3904250523761664,-0.32323084898203414,0.11239056545563915,0.10652419789108208
US x post_Dec2024,-0.7687952078231854,-0.536428760993981,0.14915760141622936,0.06841442223097655
