term,coef,pct_effect,hc1_se,cluster_se
US x post_Oct2022,-0.4639427207102564,-0.3712004293716048,0.08429395310969244,0.09305235909556309
US x post_Oct2023,0.30320566425922313,0.35419294489342557,0.08029755476567542,0.1136304496507596
US x post_Dec2024,0.2996597336432392,0.3493995741726772,0.0708178758396306,0.06033238911163137
